{
	"credit": "Made with Blockbench",
	"textures": {
		"3": "block/antennae",
		"particle": "block/texture"
	},
	"elements": [
		{
			"from": [5.5, 1.5, 3],
			"to": [7.5, 3.5, 5],
			"rotation": {"angle": 22.5, "axis": "y", "origin": [8, 0, 8]},
			"faces": {
				"north": {"uv": [0, 4, 1, 5], "texture": "#3"},
				"east": {"uv": [0, 4, 1, 5], "texture": "#3"},
				"south": {"uv": [0, 4, 1, 5], "texture": "#3"},
				"west": {"uv": [0, 4, 1, 5], "texture": "#3"},
				"up": {"uv": [1, 5, 0, 4], "texture": "#3"},
				"down": {"uv": [1, 4, 0, 5], "texture": "#3"}
			}
		},
		{
			"from": [8.5, 1.5, 3],
			"to": [10.5, 3.5, 5],
			"rotation": {"angle": -22.5, "axis": "y", "origin": [8, 0, 8]},
			"faces": {
				"north": {"uv": [1, 5, 0, 4], "rotation": 180, "texture": "#3"},
				"east": {"uv": [1, 5, 0, 4], "rotation": 180, "texture": "#3"},
				"south": {"uv": [1, 5, 0, 4], "rotation": 180, "texture": "#3"},
				"west": {"uv": [1, 5, 0, 4], "rotation": 180, "texture": "#3"},
				"up": {"uv": [1, 5, 0, 4], "rotation": 180, "texture": "#3"},
				"down": {"uv": [1, 5, 0, 4], "rotation": 180, "texture": "#3"}
			}
		},
		{
			"from": [6, 2, 5],
			"to": [7, 3, 7],
			"rotation": {"angle": 22.5, "axis": "y", "origin": [8, 0, 8]},
			"faces": {
				"north": {"uv": [0, 15, 1, 16], "texture": "#3"},
				"east": {"uv": [0, 15, 1, 16], "texture": "#3"},
				"south": {"uv": [0, 15, 1, 16], "texture": "#3"},
				"west": {"uv": [0, 15, 1, 16], "texture": "#3"},
				"up": {"uv": [1, 16, 0, 15], "texture": "#3"},
				"down": {"uv": [1, 15, 0, 16], "texture": "#3"}
			}
		},
		{
			"from": [9, 2, 5],
			"to": [10, 3, 7],
			"rotation": {"angle": -22.5, "axis": "y", "origin": [8, 0, 8]},
			"faces": {
				"north": {"uv": [0, 15, 1, 16], "texture": "#3"},
				"east": {"uv": [0, 15, 1, 16], "texture": "#3"},
				"south": {"uv": [0, 15, 1, 16], "texture": "#3"},
				"west": {"uv": [0, 15, 1, 16], "texture": "#3"},
				"up": {"uv": [1, 16, 0, 15], "rotation": 180, "texture": "#3"},
				"down": {"uv": [1, 15, 0, 16], "rotation": 180, "texture": "#3"}
			}
		},
		{
			"from": [6, 0, 7],
			"to": [7, 2, 8],
			"rotation": {"angle": 0, "axis": "y", "origin": [7, 0, 7]},
			"faces": {
				"north": {"uv": [0, 15, 1, 16], "texture": "#3"},
				"east": {"uv": [0, 15, 1, 16], "texture": "#3"},
				"south": {"uv": [0, 15, 1, 16], "texture": "#3"},
				"west": {"uv": [0, 15, 1, 16], "texture": "#3"},
				"up": {"uv": [1, 16, 0, 15], "texture": "#3"},
				"down": {"uv": [1, 15, 0, 16], "texture": "#3"}
			}
		},
		{
			"from": [9, 0, 7],
			"to": [10, 2, 8],
			"rotation": {"angle": 0, "axis": "y", "origin": [8, 0, 8]},
			"faces": {
				"north": {"uv": [0, 15, 1, 16], "texture": "#3"},
				"east": {"uv": [0, 15, 1, 16], "texture": "#3"},
				"south": {"uv": [0, 15, 1, 16], "texture": "#3"},
				"west": {"uv": [0, 15, 1, 16], "texture": "#3"},
				"up": {"uv": [1, 16, 0, 15], "rotation": 180, "texture": "#3"},
				"down": {"uv": [1, 15, 0, 16], "rotation": 180, "texture": "#3"}
			}
		}
	],
	"display": {
		"thirdperson_righthand": {
			"translation": [0, 4, 0],
			"scale": [0.5, 0.5, 0.5]
		},
		"thirdperson_lefthand": {
			"translation": [0, 4, 0],
			"scale": [0.5, 0.5, 0.5]
		},
		"firstperson_righthand": {
			"translation": [0, 7, 0],
			"scale": [0.6, 0.6, 0.6]
		},
		"gui": {
			"translation": [0, 5, 0],
			"rotation": [0, 215, 0],
			"scale": [1, 1, 1]
		},
		"head": {
			"rotation": [0, 0, 0],
			"translation": [0, 19, 0],
			"scale": [1.67, 1.67, 1.67]
		},
		"fixed": {
			"translation": [0, 0, 0],
			"scale": [1.11, 1.11, 1.11]
		}
	},
	"groups": [
		{
			"name": "group",
			"origin": [8, 0, 8],
			"color": 0,
			"children": [0, 1]
		},
		{
			"name": "group",
			"origin": [8, 0, 8],
			"color": 0,
			"children": [2, 3]
		},
		{
			"name": "group",
			"origin": [8, 0, 8],
			"color": 0,
			"children": [4, 5]
		}
	]
}