{
	"credit": "Made with Blockbench",
	"textures": {
		"3": "block/sun_visor"
	},
	"elements": [
		{
			"from": [7.5, 1, 7],
			"to": [8.5, 2, 8],
			"rotation": {"angle": 0, "axis": "y", "origin": [7, 1, 7]},
			"faces": {
				"north": {"uv": [0, 13, 1, 14], "texture": "#3"},
				"east": {"uv": [0, 13, 1, 14], "texture": "#3"},
				"south": {"uv": [0, 13, 1, 14], "texture": "#3"},
				"west": {"uv": [0, 13, 1, 14], "texture": "#3"},
				"up": {"uv": [0, 13, 1, 14], "texture": "#3"},
				"down": {"uv": [0, 13, 1, 14], "texture": "#3"}
			}
		},
		{
			"from": [8.5, 0.5, 7],
			"to": [11.5, 2.5, 8],
			"rotation": {"angle": 0, "axis": "y", "origin": [9, 2, 7]},
			"faces": {
				"north": {"uv": [0, 13, 1, 14], "texture": "#3"},
				"east": {"uv": [0, 13, 1, 14], "texture": "#3"},
				"south": {"uv": [0, 13, 1, 14], "texture": "#3"},
				"west": {"uv": [0, 13, 1, 14], "texture": "#3"},
				"up": {"uv": [0, 13, 1, 14], "texture": "#3"},
				"down": {"uv": [0, 13, 1, 14], "texture": "#3"}
			}
		},
		{
			"from": [4.5, 0.5, 7],
			"to": [7.5, 2.5, 8],
			"rotation": {"angle": 0, "axis": "y", "origin": [3, 2, 7]},
			"faces": {
				"north": {"uv": [0, 13, 1, 14], "texture": "#3"},
				"east": {"uv": [0, 13, 1, 14], "texture": "#3"},
				"south": {"uv": [0, 13, 1, 14], "texture": "#3"},
				"west": {"uv": [0, 13, 1, 14], "texture": "#3"},
				"up": {"uv": [0, 13, 1, 14], "texture": "#3"},
				"down": {"uv": [0, 13, 1, 14], "texture": "#3"}
			}
		}
	],
	"display": {
		"thirdperson_righthand": {
			"scale": [0.74, 0.74, 0.74]
		},
		"thirdperson_lefthand": {
			"scale": [0.69, 0.69, 0.69]
		},
		"firstperson_righthand": {
			"scale": [0.6, 0.6, 0.6]
		},
		"gui": {
			"translation": [0, 5, 0],
			"rotation": [0, 215, 0],
			"scale": [1, 1, 1]
		},
		"head": {
			"rotation": [0, 0, 0],
			"translation": [0, 3, -4.77],
			"scale": [1.6, 1.6, 1.6]
		},
		"fixed": {
			"translation": [0, 0, 0],
			"scale": [1.11, 1.11, 1.11]
		}
	}
}