{
	"credit": "Made with Blockbench",
	"textures": {
		"3": "block/hard_hat",
		"particle": "block/texture"
	},
	"elements": [
		{
			"from": [3, 0, 3],
			"to": [13, 3, 13],
			"faces": {
				"north": {"uv": [0, 0, 16, 5], "texture": "#3"},
				"east": {"uv": [0, 0, 16, 5], "texture": "#3"},
				"south": {"uv": [0, 0, 16, 5], "texture": "#3"},
				"west": {"uv": [0, 0, 16, 5], "texture": "#3"},
				"up": {"uv": [0, 0, 16, 5], "texture": "#3"},
				"down": {"uv": [0, 0, 16, 5], "texture": "#3"}
			}
		},
		{
			"from": [2.5, 0, 2.5],
			"to": [13.5, 1, 13.5],
			"faces": {
				"north": {"uv": [0, 0, 16, 5], "texture": "#3"},
				"east": {"uv": [0, 0, 16, 5], "texture": "#3"},
				"south": {"uv": [0, 0, 16, 5], "texture": "#3"},
				"west": {"uv": [0, 0, 16, 5], "texture": "#3"},
				"up": {"uv": [0, 0, 16, 5], "texture": "#3"},
				"down": {"uv": [0, 0, 16, 5], "texture": "#3"}
			}
		},
		{
			"from": [10.5, 3, 6],
			"to": [11.5, 4, 10],
			"faces": {
				"north": {"uv": [0, 4, 1, 5], "texture": "#3"},
				"east": {"uv": [0, 4, 1, 5], "texture": "#3"},
				"south": {"uv": [0, 4, 1, 5], "texture": "#3"},
				"west": {"uv": [0, 4, 1, 5], "texture": "#3"},
				"up": {"uv": [0, 4, 1, 5], "texture": "#3"},
				"down": {"uv": [0, 4, 1, 5], "texture": "#3"}
			}
		},
		{
			"from": [7.5, 3, 6],
			"to": [8.5, 4, 10],
			"faces": {
				"north": {"uv": [0, 4, 1, 5], "texture": "#3"},
				"east": {"uv": [0, 4, 1, 5], "texture": "#3"},
				"south": {"uv": [0, 4, 1, 5], "texture": "#3"},
				"west": {"uv": [0, 4, 1, 5], "texture": "#3"},
				"up": {"uv": [0, 4, 1, 5], "texture": "#3"},
				"down": {"uv": [0, 4, 1, 5], "texture": "#3"}
			}
		},
		{
			"from": [4.5, 3, 6],
			"to": [5.5, 4, 10],
			"faces": {
				"north": {"uv": [0, 4, 1, 5], "texture": "#3"},
				"east": {"uv": [0, 4, 1, 5], "texture": "#3"},
				"south": {"uv": [0, 4, 1, 5], "texture": "#3"},
				"west": {"uv": [0, 4, 1, 5], "texture": "#3"},
				"up": {"uv": [0, 4, 1, 5], "texture": "#3"},
				"down": {"uv": [0, 4, 1, 5], "texture": "#3"}
			}
		}
	],
	"display": {
		"thirdperson_righthand": {
			"translation": [0, 14, 0],
			"scale": [0.5, 0.5, 0.5]
		},
		"thirdperson_lefthand": {
			"translation": [0, 14, 0],
			"scale": [0.5, 0.5, 0.5]
		},
		"firstperson_righthand": {
			"translation": [0, 16, 0],
			"scale": [0.6, 0.6, 0.6]
		},
		"gui": {
			"translation": [0, 5, 0],
			"rotation": [0, 215, 0],
			"scale": [1, 1, 1]
		},
		"head": {
			"rotation": [0, 0, 0],
			"translation": [0, 15, 0],
			"scale": [1.34, 1.34, 1.34]
		},
		"fixed": {
			"translation": [0, 0, 0],
			"scale": [1.11, 1.11, 1.11]
		}
	},
	"groups": [
		0,
		1,
		{
			"name": "group",
			"origin": [0, 0, 0],
			"color": 0,
			"children": [2, 3, 4]
		}
	]
}