{
	"credit": "Made with Blockbench",
	"textures": {
		"0": "block/texture"
	},
	"elements": [
		{
			"from": [3, 0, 6],
			"to": [4, 4, 10],
			"rotation": {"angle": 0, "axis": "y", "origin": [11, 28, 12]},
			"faces": {
				"north": {"uv": [9, 5, 10, 9], "texture": "#0"},
				"east": {"uv": [5, 5, 9, 9], "texture": "#0"},
				"south": {"uv": [14, 5, 15, 9], "texture": "#0"},
				"west": {"uv": [10, 5, 14, 9], "texture": "#0"},
				"up": {"uv": [10, 5, 9, 1], "texture": "#0"},
				"down": {"uv": [11, 1, 10, 5], "texture": "#0"}
			}
		},
		{
			"from": [12, 0, 6],
			"to": [13, 4, 10],
			"rotation": {"angle": 0, "axis": "y", "origin": [11, 28, 12]},
			"faces": {
				"north": {"uv": [9, 5, 10, 9], "texture": "#0"},
				"east": {"uv": [5, 5, 9, 9], "texture": "#0"},
				"south": {"uv": [14, 5, 15, 9], "texture": "#0"},
				"west": {"uv": [10, 5, 14, 9], "texture": "#0"},
				"up": {"uv": [10, 5, 9, 1], "texture": "#0"},
				"down": {"uv": [11, 1, 10, 5], "texture": "#0"}
			}
		},
		{
			"from": [4, 6, 7],
			"to": [12, 7, 9],
			"rotation": {"angle": 0, "axis": "y", "origin": [11, 28, 12]},
			"faces": {
				"north": {"uv": [0, 2, 12, 3], "texture": "#0"},
				"east": {"uv": [0, 2, 2, 3], "texture": "#0"},
				"south": {"uv": [0, 2, 12, 3], "texture": "#0"},
				"west": {"uv": [0, 2, 12, 3], "texture": "#0"},
				"up": {"uv": [0, 2, 2, 0], "texture": "#0"},
				"down": {"uv": [0, 0, 12, 2], "texture": "#0"}
			}
		},
		{
			"from": [12, 4, 7],
			"to": [13, 7, 9],
			"rotation": {"angle": 0, "axis": "y", "origin": [11, 28, 12]},
			"faces": {
				"north": {"uv": [2, 7, 3, 10], "texture": "#0"},
				"east": {"uv": [0, 7, 2, 10], "texture": "#0"},
				"south": {"uv": [5, 7, 6, 10], "texture": "#0"},
				"west": {"uv": [3, 7, 5, 10], "texture": "#0"},
				"up": {"uv": [3, 7, 2, 5], "texture": "#0"},
				"down": {"uv": [4, 5, 3, 7], "texture": "#0"}
			}
		},
		{
			"from": [3, 4, 7],
			"to": [4, 7, 9],
			"rotation": {"angle": 0, "axis": "y", "origin": [11, 28, 12]},
			"faces": {
				"north": {"uv": [3, 7, 2, 10], "texture": "#0"},
				"east": {"uv": [5, 7, 3, 10], "texture": "#0"},
				"south": {"uv": [6, 7, 5, 10], "texture": "#0"},
				"west": {"uv": [2, 7, 0, 10], "texture": "#0"},
				"up": {"uv": [2, 7, 3, 5], "texture": "#0"},
				"down": {"uv": [3, 5, 4, 7], "texture": "#0"}
			}
		}
	],
	"display": {
		"thirdperson_righthand": {
			"scale": [0.74, 0.74, 0.74]
		},
		"thirdperson_lefthand": {
			"scale": [0.69, 0.69, 0.69]
		},
		"firstperson_righthand": {
			"scale": [0.6, 0.6, 0.6]
		},
		"gui": {
			"translation": [0, 5, 0],
			"rotation": [0, 215, 0],
			"scale": [1, 1, 1]
		},
		"head": {
			"rotation": [0, 0, 0],
			"translation": [0, 10, 0],
			"scale": [1.67, 1.67, 1.67]
		},
		"fixed": {
			"translation": [0, 0, 0],
			"scale": [1.11, 1.11, 1.11]
		}
	},
	"groups": [
		{
			"name": "group",
			"origin": [8, 0, 8],
			"color": 0,
			"children": [
				0,
				1,
				{
					"name": "bone",
					"origin": [11, 28, 12],
					"color": 0,
					"children": [2, 3, 4]
				}
			]
		}
	]
}