{
	"credit": "Made with Blockbench",
	"textures": {
		"3": "block/heisenberg"
	},
	"elements": [
		{
			"from": [2.75, 0, 2.75],
			"to": [13.25, 1, 13.25],
			"rotation": {"angle": 0, "axis": "y", "origin": [7, 0, 7]},
			"faces": {
				"north": {"uv": [1, 13, 2, 14], "texture": "#3"},
				"east": {"uv": [1, 13, 2, 14], "texture": "#3"},
				"south": {"uv": [1, 13, 2, 14], "texture": "#3"},
				"west": {"uv": [1, 13, 2, 14], "texture": "#3"},
				"up": {"uv": [1, 13, 2, 14], "texture": "#3"},
				"down": {"uv": [1, 13, 2, 14], "texture": "#3"}
			}
		},
		{
			"from": [3.5, 1, 3.5],
			"to": [12.5, 3, 12.5],
			"rotation": {"angle": 0, "axis": "z", "origin": [7, 1, 7]},
			"faces": {
				"north": {"uv": [1, 13, 2, 14], "texture": "#3"},
				"east": {"uv": [1, 13, 2, 14], "texture": "#3"},
				"south": {"uv": [1, 13, 2, 14], "texture": "#3"},
				"west": {"uv": [1, 13, 2, 14], "texture": "#3"},
				"up": {"uv": [1, 13, 2, 14], "texture": "#3"},
				"down": {"uv": [1, 13, 2, 14], "texture": "#3"}
			}
		}
	],
	"display": {
		"thirdperson_righthand": {
			"translation": [0, 7, 0],
			"scale": [0.5, 0.5, 0.5]
		},
		"thirdperson_lefthand": {
			"translation": [0, 7, 0],
			"scale": [0.5, 0.5, 0.5]
		},
		"firstperson_righthand": {
			"translation": [0, 7, 0],
			"scale": [0.6, 0.6, 0.6]
		},
		"gui": {
			"translation": [0, 5, 0],
			"rotation": [0, 215, 0],
			"scale": [1, 1, 1]
		},
		"head": {
			"rotation": [0, 0, 0],
			"translation": [0, 15, 0],
			"scale": [1.5, 1.5, 1.5]
		},
		"fixed": {
			"translation": [0, 0, 0],
			"scale": [1.11, 1.11, 1.11]
		}
	}
}