{
	"credit": "Made with Blockbench",
	"textures": {
		"3": "block/nurse_hat"
	},
	"elements": [
		{
			"from": [3.5, 1, 6],
			"to": [4, 2, 9],
			"rotation": {"angle": 0, "axis": "y", "origin": [8, 2, 8]},
			"faces": {
				"north": {"uv": [5, 0, 6, 1], "texture": "#3"},
				"east": {"uv": [5, 0, 6, 1], "texture": "#3"},
				"south": {"uv": [5, 0, 6, 1], "texture": "#3"},
				"west": {"uv": [5, 0, 6, 1], "texture": "#3"},
				"up": {"uv": [5, 0, 6, 1], "texture": "#3"},
				"down": {"uv": [5, 0, 6, 1], "texture": "#3"}
			}
		},
		{
			"from": [3.5, 1, 4],
			"to": [4, 3, 6],
			"rotation": {"angle": 0, "axis": "y", "origin": [8, 2, 8]},
			"faces": {
				"north": {"uv": [5, 0, 6, 1], "texture": "#3"},
				"east": {"uv": [5, 0, 6, 1], "texture": "#3"},
				"south": {"uv": [5, 0, 6, 1], "texture": "#3"},
				"west": {"uv": [5, 0, 6, 1], "texture": "#3"},
				"up": {"uv": [5, 0, 6, 1], "texture": "#3"},
				"down": {"uv": [5, 0, 6, 1], "texture": "#3"}
			}
		},
		{
			"from": [11.5, 1, 3.5],
			"to": [12.5, 3, 4],
			"rotation": {"angle": 0, "axis": "y", "origin": [8, 2, 8]},
			"faces": {
				"north": {"uv": [5, 0, 6, 1], "rotation": 90, "texture": "#3"},
				"east": {"uv": [5, 0, 6, 1], "rotation": 90, "texture": "#3"},
				"south": {"uv": [5, 0, 6, 1], "rotation": 90, "texture": "#3"},
				"west": {"uv": [5, 0, 6, 1], "rotation": 90, "texture": "#3"},
				"up": {"uv": [5, 0, 6, 1], "rotation": 90, "texture": "#3"},
				"down": {"uv": [5, 0, 6, 1], "rotation": 90, "texture": "#3"}
			}
		},
		{
			"from": [3.5, 1, 3.5],
			"to": [4.5, 3, 4],
			"rotation": {"angle": 0, "axis": "y", "origin": [0, 2, 8]},
			"faces": {
				"north": {"uv": [5, 0, 6, 1], "texture": "#3"},
				"east": {"uv": [5, 0, 6, 1], "texture": "#3"},
				"south": {"uv": [5, 0, 6, 1], "texture": "#3"},
				"west": {"uv": [5, 0, 6, 1], "texture": "#3"},
				"up": {"uv": [5, 0, 6, 1], "texture": "#3"},
				"down": {"uv": [5, 0, 6, 1], "texture": "#3"}
			}
		},
		{
			"from": [4.5, 1, 3.5],
			"to": [11.5, 4, 4],
			"rotation": {"angle": 0, "axis": "y", "origin": [8, 2, 8]},
			"faces": {
				"north": {"uv": [5, 0, 16, 5], "texture": "#3"},
				"east": {"uv": [5, 0, 6, 1], "texture": "#3"},
				"south": {"uv": [5, 0, 6, 1], "texture": "#3"},
				"west": {"uv": [5, 0, 6, 1], "texture": "#3"},
				"up": {"uv": [5, 0, 6, 1], "rotation": 90, "texture": "#3"},
				"down": {"uv": [5, 0, 6, 1], "rotation": 270, "texture": "#3"}
			}
		},
		{
			"from": [12, 1, 6],
			"to": [12.5, 2, 9],
			"rotation": {"angle": 0, "axis": "y", "origin": [8, 2, 8]},
			"faces": {
				"north": {"uv": [5, 0, 6, 1], "texture": "#3"},
				"east": {"uv": [5, 0, 6, 1], "texture": "#3"},
				"south": {"uv": [5, 0, 6, 1], "texture": "#3"},
				"west": {"uv": [5, 0, 6, 1], "texture": "#3"},
				"up": {"uv": [5, 0, 6, 1], "texture": "#3"},
				"down": {"uv": [5, 0, 6, 1], "texture": "#3"}
			}
		},
		{
			"from": [12, 1, 4],
			"to": [12.5, 3, 6],
			"rotation": {"angle": 0, "axis": "y", "origin": [8, 2, 8]},
			"faces": {
				"north": {"uv": [5, 0, 6, 1], "texture": "#3"},
				"east": {"uv": [5, 0, 6, 1], "texture": "#3"},
				"south": {"uv": [5, 0, 6, 1], "texture": "#3"},
				"west": {"uv": [5, 0, 6, 1], "texture": "#3"},
				"up": {"uv": [5, 0, 6, 1], "texture": "#3"},
				"down": {"uv": [5, 0, 6, 1], "texture": "#3"}
			}
		}
	],
	"display": {
		"thirdperson_righthand": {
			"translation": [0, 4, 0],
			"scale": [0.6, 0.6, 0.6]
		},
		"thirdperson_lefthand": {
			"translation": [0, 4, 0],
			"scale": [0.6, 0.6, 0.6]
		},
		"firstperson_righthand": {
			"translation": [0, 4, 0],
			"scale": [0.6, 0.6, 0.6]
		},
		"gui": {
			"translation": [0, 5, 0],
			"rotation": [0, 215, 0],
			"scale": [1, 1, 1]
		},
		"head": {
			"rotation": [0, 0, 0],
			"translation": [0, 14.4, 0],
			"scale": [1.6, 1.6, 1.6]
		},
		"fixed": {
			"translation": [0, 0, 0],
			"scale": [1.11, 1.11, 1.11]
		}
	},
	"groups": [
		{
			"name": "group",
			"origin": [8, 2, 8],
			"color": 0,
			"children": [0, 1, 2, 3, 4, 5, 6]
		}
	]
}