{
	"credit": "Made with Blockbench",
	"textures": {
		"3": "block/spiked_collar",
		"particle": "block/texture"
	},
	"elements": [
		{
			"from": [5, 0, 5],
			"to": [6, 1, 11],
			"rotation": {"angle": 0, "axis": "y", "origin": [7, 0, 7]},
			"faces": {
				"north": {"uv": [0, 15, 1, 16], "texture": "#3"},
				"east": {"uv": [0, 15, 1, 16], "texture": "#3"},
				"south": {"uv": [0, 15, 1, 16], "texture": "#3"},
				"west": {"uv": [0, 15, 1, 16], "texture": "#3"},
				"up": {"uv": [1, 16, 0, 15], "texture": "#3"},
				"down": {"uv": [1, 15, 0, 16], "texture": "#3"}
			}
		},
		{
			"from": [5, 0, 10],
			"to": [11, 1, 11],
			"rotation": {"angle": 0, "axis": "y", "origin": [8, 0, 8]},
			"faces": {
				"north": {"uv": [0, 15, 1, 16], "texture": "#3"},
				"east": {"uv": [0, 15, 1, 16], "texture": "#3"},
				"south": {"uv": [0, 15, 1, 16], "texture": "#3"},
				"west": {"uv": [0, 15, 1, 16], "texture": "#3"},
				"up": {"uv": [1, 16, 0, 15], "rotation": 270, "texture": "#3"},
				"down": {"uv": [1, 15, 0, 16], "rotation": 90, "texture": "#3"}
			}
		},
		{
			"from": [10, 0, 5],
			"to": [11, 1, 11],
			"rotation": {"angle": 0, "axis": "y", "origin": [8, 0, 8]},
			"faces": {
				"north": {"uv": [0, 15, 1, 16], "texture": "#3"},
				"east": {"uv": [0, 15, 1, 16], "texture": "#3"},
				"south": {"uv": [0, 15, 1, 16], "texture": "#3"},
				"west": {"uv": [0, 15, 1, 16], "texture": "#3"},
				"up": {"uv": [1, 16, 0, 15], "rotation": 180, "texture": "#3"},
				"down": {"uv": [1, 15, 0, 16], "rotation": 180, "texture": "#3"}
			}
		},
		{
			"from": [5, 0, 5],
			"to": [11, 1, 6],
			"rotation": {"angle": 0, "axis": "y", "origin": [8, 0, 8]},
			"faces": {
				"north": {"uv": [0, 15, 1, 16], "texture": "#3"},
				"east": {"uv": [0, 15, 1, 16], "texture": "#3"},
				"south": {"uv": [0, 15, 1, 16], "texture": "#3"},
				"west": {"uv": [0, 15, 1, 16], "texture": "#3"},
				"up": {"uv": [1, 16, 0, 15], "rotation": 90, "texture": "#3"},
				"down": {"uv": [1, 15, 0, 16], "rotation": 270, "texture": "#3"}
			}
		},
		{
			"from": [7.5, 0.01, 2.5],
			"to": [8.5, 0.99, 4.5],
			"rotation": {"angle": 45, "axis": "y", "origin": [8, 0, 8]},
			"faces": {
				"north": {"uv": [2, 3, 3, 4], "texture": "#3"},
				"east": {"uv": [0, 0, 2, 1], "texture": "#3"},
				"south": {"uv": [3, 3, 4, 4], "texture": "#3"},
				"west": {"uv": [0, 1, 2, 2], "texture": "#3"},
				"up": {"uv": [1, 4, 0, 2], "texture": "#3"},
				"down": {"uv": [3, 0, 2, 2], "texture": "#3"}
			}
		},
		{
			"from": [7.5, 0.01, 11.5],
			"to": [8.5, 0.99, 13.5],
			"rotation": {"angle": 45, "axis": "y", "origin": [8, 0, 8]},
			"faces": {
				"north": {"uv": [0, 4, 1, 5], "texture": "#3"},
				"east": {"uv": [1, 2, 3, 3], "texture": "#3"},
				"south": {"uv": [4, 1, 5, 2], "texture": "#3"},
				"west": {"uv": [3, 0, 5, 1], "texture": "#3"},
				"up": {"uv": [2, 5, 1, 3], "texture": "#3"},
				"down": {"uv": [4, 1, 3, 3], "texture": "#3"}
			}
		},
		{
			"from": [7.5, 0.01, 11],
			"to": [8.5, 0.99, 13],
			"faces": {
				"north": {"uv": [0, 0, 1, 0.98], "texture": "#3"},
				"east": {"uv": [0, 0, 2, 0.98], "texture": "#3"},
				"south": {"uv": [0, 0, 1, 0.98], "texture": "#3"},
				"west": {"uv": [0, 0, 2, 0.98], "texture": "#3"},
				"up": {"uv": [0, 0, 1, 2], "texture": "#3"},
				"down": {"uv": [0, 0, 1, 2], "texture": "#3"}
			}
		},
		{
			"from": [7.5, 0.01, 3],
			"to": [8.5, 0.99, 5],
			"faces": {
				"north": {"uv": [0, 0, 1, 0.98], "texture": "#3"},
				"east": {"uv": [0, 0, 2, 0.98], "texture": "#3"},
				"south": {"uv": [0, 0, 1, 0.98], "texture": "#3"},
				"west": {"uv": [0, 0, 2, 0.98], "texture": "#3"},
				"up": {"uv": [0, 0, 1, 2], "texture": "#3"},
				"down": {"uv": [0, 0, 1, 2], "texture": "#3"}
			}
		},
		{
			"from": [11, 0.01, 7.5],
			"to": [13, 0.99, 8.5],
			"rotation": {"angle": 0, "axis": "y", "origin": [8, 0, 8]},
			"faces": {
				"north": {"uv": [0, 0, 2, 0.98], "texture": "#3"},
				"east": {"uv": [0, 0, 1, 0.98], "texture": "#3"},
				"south": {"uv": [0, 0, 2, 0.98], "texture": "#3"},
				"west": {"uv": [0, 0, 1, 0.98], "texture": "#3"},
				"up": {"uv": [0, 0, 1, 2], "rotation": 270, "texture": "#3"},
				"down": {"uv": [0, 0, 1, 2], "rotation": 90, "texture": "#3"}
			}
		},
		{
			"from": [3, 0.01, 7.5],
			"to": [5, 0.99, 8.5],
			"rotation": {"angle": 0, "axis": "y", "origin": [8, 0, 8]},
			"faces": {
				"north": {"uv": [0, 0, 2, 0.98], "texture": "#3"},
				"east": {"uv": [0, 0, 1, 0.98], "texture": "#3"},
				"south": {"uv": [0, 0, 2, 0.98], "texture": "#3"},
				"west": {"uv": [0, 0, 1, 0.98], "texture": "#3"},
				"up": {"uv": [0, 0, 1, 2], "rotation": 270, "texture": "#3"},
				"down": {"uv": [0, 0, 1, 2], "rotation": 90, "texture": "#3"}
			}
		},
		{
			"from": [11.5, 0.01, 7.5],
			"to": [13.5, 0.99, 8.5],
			"rotation": {"angle": 45, "axis": "y", "origin": [8, 0, 8]},
			"faces": {
				"north": {"uv": [0, 0, 2, 0.98], "texture": "#3"},
				"east": {"uv": [0, 0, 1, 0.98], "texture": "#3"},
				"south": {"uv": [0, 0, 2, 0.98], "texture": "#3"},
				"west": {"uv": [0, 0, 1, 0.98], "texture": "#3"},
				"up": {"uv": [0, 0, 1, 2], "rotation": 270, "texture": "#3"},
				"down": {"uv": [0, 0, 1, 2], "rotation": 90, "texture": "#3"}
			}
		},
		{
			"from": [2.5, 0.01, 7.5],
			"to": [4.5, 0.99, 8.5],
			"rotation": {"angle": 45, "axis": "y", "origin": [8, 0, 8]},
			"faces": {
				"north": {"uv": [0, 0, 2, 0.98], "texture": "#3"},
				"east": {"uv": [0, 0, 1, 0.98], "texture": "#3"},
				"south": {"uv": [0, 0, 2, 0.98], "texture": "#3"},
				"west": {"uv": [0, 0, 1, 0.98], "texture": "#3"},
				"up": {"uv": [0, 0, 1, 2], "rotation": 270, "texture": "#3"},
				"down": {"uv": [0, 0, 1, 2], "rotation": 90, "texture": "#3"}
			}
		}
	],
	"display": {
		"thirdperson_righthand": {
			"translation": [0, 4, 0],
			"scale": [0.5, 0.5, 0.5]
		},
		"thirdperson_lefthand": {
			"translation": [0, 4, 0],
			"scale": [0.5, 0.5, 0.5]
		},
		"firstperson_righthand": {
			"translation": [0, 7, 0],
			"scale": [0.6, 0.6, 0.6]
		},
		"gui": {
			"translation": [0, 5, 0],
			"rotation": [0, 215, 0],
			"scale": [1, 1, 1]
		},
		"head": {
			"rotation": [0, 0, 0],
			"translation": [0, 4.8, 0],
			"scale": [1.6, 1.6, 1.6]
		},
		"fixed": {
			"translation": [0, 0, 0],
			"scale": [1.11, 1.11, 1.11]
		}
	},
	"groups": [
		{
			"name": "group",
			"origin": [8, 0, 8],
			"color": 0,
			"children": [0, 1, 2, 3]
		},
		{
			"name": "group",
			"origin": [0, 0, 0],
			"color": 0,
			"children": [4, 5]
		},
		{
			"name": "group",
			"origin": [0, 0, 0],
			"color": 0,
			"children": [6, 7]
		},
		{
			"name": "group",
			"origin": [0, 0, 0],
			"color": 0,
			"children": [8, 9]
		},
		{
			"name": "group",
			"origin": [0, 0, 0],
			"color": 0,
			"children": [10, 11]
		}
	]
}