{
	"credit": "Made with Blockbench",
	"textures": {
		"3": "block/sun_visor"
	},
	"elements": [
		{
			"from": [4, 0, 6],
			"to": [12, 2, 7],
			"rotation": {"angle": 0, "axis": "y", "origin": [3, 0, 6]},
			"faces": {
				"north": {"uv": [3, 3, 4, 4], "texture": "#3"},
				"east": {"uv": [3, 3, 4, 4], "texture": "#3"},
				"south": {"uv": [3, 3, 4, 4], "texture": "#3"},
				"west": {"uv": [3, 3, 4, 4], "texture": "#3"},
				"up": {"uv": [3, 3, 4, 4], "texture": "#3"},
				"down": {"uv": [3, 3, 4, 4], "texture": "#3"}
			}
		},
		{
			"from": [12, 0, 10],
			"to": [12.51, 1, 14],
			"rotation": {"angle": 0, "axis": "y", "origin": [11, 0, 10]},
			"faces": {
				"north": {"uv": [3, 3, 4, 4], "texture": "#3"},
				"east": {"uv": [3, 3, 4, 4], "texture": "#3"},
				"south": {"uv": [3, 3, 4, 4], "texture": "#3"},
				"west": {"uv": [3, 3, 4, 4], "texture": "#3"},
				"up": {"uv": [3, 3, 4, 4], "texture": "#3"},
				"down": {"uv": [3, 3, 4, 4], "texture": "#3"}
			}
		},
		{
			"from": [3.49, 0, 10],
			"to": [4, 1, 14],
			"rotation": {"angle": 0, "axis": "y", "origin": [2, 0, 10]},
			"faces": {
				"north": {"uv": [3, 3, 4, 4], "texture": "#3"},
				"east": {"uv": [3, 3, 4, 4], "texture": "#3"},
				"south": {"uv": [3, 3, 4, 4], "texture": "#3"},
				"west": {"uv": [3, 3, 4, 4], "texture": "#3"},
				"up": {"uv": [3, 3, 4, 4], "texture": "#3"},
				"down": {"uv": [3, 3, 4, 4], "texture": "#3"}
			}
		},
		{
			"from": [12, 0, 6],
			"to": [12.51, 2, 10],
			"rotation": {"angle": 0, "axis": "y", "origin": [11, 0, 6]},
			"faces": {
				"north": {"uv": [3, 3, 4, 4], "texture": "#3"},
				"east": {"uv": [3, 3, 4, 4], "texture": "#3"},
				"south": {"uv": [3, 3, 4, 4], "texture": "#3"},
				"west": {"uv": [3, 3, 4, 4], "texture": "#3"},
				"up": {"uv": [3, 3, 4, 4], "texture": "#3"},
				"down": {"uv": [3, 3, 4, 4], "texture": "#3"}
			}
		},
		{
			"from": [3.49, 0, 6],
			"to": [4, 2, 10],
			"rotation": {"angle": 0, "axis": "y", "origin": [2, 0, 6]},
			"faces": {
				"north": {"uv": [3, 3, 4, 4], "texture": "#3"},
				"east": {"uv": [3, 3, 4, 4], "texture": "#3"},
				"south": {"uv": [3, 3, 4, 4], "texture": "#3"},
				"west": {"uv": [3, 3, 4, 4], "texture": "#3"},
				"up": {"uv": [3, 3, 4, 4], "texture": "#3"},
				"down": {"uv": [3, 3, 4, 4], "texture": "#3"}
			}
		},
		{
			"from": [4, 0, 3],
			"to": [12, 1, 6],
			"rotation": {"angle": 0, "axis": "y", "origin": [10, 0, 6]},
			"faces": {
				"north": {"uv": [0, 0, 1, 1], "texture": "#3"},
				"east": {"uv": [0, 0, 1, 1], "texture": "#3"},
				"south": {"uv": [0, 0, 1, 1], "texture": "#3"},
				"west": {"uv": [0, 0, 1, 1], "texture": "#3"},
				"up": {"uv": [0, 0, 1, 1], "texture": "#3"},
				"down": {"uv": [0, 0, 1, 1], "texture": "#3"}
			}
		},
		{
			"from": [3.49, 0, 2.5],
			"to": [4, 1, 6],
			"rotation": {"angle": 0, "axis": "y", "origin": [2, 0, 2]},
			"faces": {
				"north": {"uv": [3, 3, 4, 4], "texture": "#3"},
				"east": {"uv": [3, 3, 4, 4], "texture": "#3"},
				"south": {"uv": [3, 3, 4, 4], "texture": "#3"},
				"west": {"uv": [3, 3, 4, 4], "texture": "#3"},
				"up": {"uv": [3, 3, 4, 4], "texture": "#3"},
				"down": {"uv": [3, 3, 4, 4], "texture": "#3"}
			}
		},
		{
			"from": [12, 0, 2.5],
			"to": [12.51, 1, 6],
			"rotation": {"angle": 0, "axis": "y", "origin": [11, 0, 2]},
			"faces": {
				"north": {"uv": [3, 3, 4, 4], "texture": "#3"},
				"east": {"uv": [3, 3, 4, 4], "texture": "#3"},
				"south": {"uv": [3, 3, 4, 4], "texture": "#3"},
				"west": {"uv": [3, 3, 4, 4], "texture": "#3"},
				"up": {"uv": [3, 3, 4, 4], "texture": "#3"},
				"down": {"uv": [3, 3, 4, 4], "texture": "#3"}
			}
		},
		{
			"from": [4, 0, 2.5],
			"to": [12, 1, 3],
			"rotation": {"angle": 0, "axis": "y", "origin": [10, 0, 3]},
			"faces": {
				"north": {"uv": [3, 3, 4, 4], "texture": "#3"},
				"east": {"uv": [3, 3, 4, 4], "texture": "#3"},
				"south": {"uv": [3, 3, 4, 4], "texture": "#3"},
				"west": {"uv": [3, 3, 4, 4], "texture": "#3"},
				"up": {"uv": [3, 3, 4, 4], "texture": "#3"},
				"down": {"uv": [3, 3, 4, 4], "texture": "#3"}
			}
		}
	],
	"display": {
		"thirdperson_righthand": {
			"translation": [0, 4, 0],
			"scale": [0.5, 0.5, 0.5]
		},
		"thirdperson_lefthand": {
			"translation": [0, 4, 0],
			"scale": [0.5, 0.5, 0.5]
		},
		"firstperson_righthand": {
			"translation": [0, 7, 0],
			"scale": [0.6, 0.6, 0.6]
		},
		"gui": {
			"translation": [0, 5, 0],
			"rotation": [0, 215, 0],
			"scale": [1, 1, 1]
		},
		"head": {
			"rotation": [0, 0, 0],
			"translation": [0, 16, -4.77],
			"scale": [1.6, 1.6, 1.6]
		},
		"fixed": {
			"translation": [0, 0, 0],
			"scale": [1.11, 1.11, 1.11]
		}
	},
	"groups": [
		{
			"name": "group",
			"origin": [10, 0, 7],
			"color": 0,
			"children": [
				{
					"name": "group",
					"origin": [2, 0, 3],
					"color": 0,
					"children": [0, 1, 2, 3, 4]
				},
				5,
				{
					"name": "group",
					"origin": [10, 0, 7],
					"color": 0,
					"children": [6, 7, 8]
				}
			]
		}
	]
}