{
	"__comment": "Designed by Benyg2000 with Cubik Studio - https://cubik.studio",
	"textures": {
		"particle": "blocks/particle",
		"texture": "item/crafter_top",
		"texture1": "item/crafter_side",
		"texture2": "item/crafter_front",
		"texture3": "item/crafter_bottom"
	},
	"elements": [ 	 
		{
			"__comment": "Box2",
			"from": [ -0.004, 0, 0 ],
			"to": [ 15.996, 16, 16 ],
			"faces": {
				"down": { "uv": [ 0, 0, 15.99603, 16 ], "texture": "#texture3" },
				"up": { "uv": [ 0, 0, 15.99603, 16 ], "texture": "#texture" },
				"north": { "uv": [ 0.003968239, 0, 16, 16 ], "texture": "#texture1" },
				"south": { "uv": [ 0, 0, 15.99603, 16 ], "texture": "#texture2" },
				"west": { "uv": [ 0, 0, 16, 16 ], "texture": "#texture1" },
				"east": { "uv": [ 0, 0, 16, 16 ], "texture": "#texture2" }
			}
		}
	],
	"display": {
		"thirdperson_righthand": {
			"translation":  [ 0, -0.586, -0.595 ],
			"scale":  [ 0.38, 0.38, 0.38 ]
		},
		"thirdperson_lefthand": {
			"translation":  [ 0, -0.586, -0.595 ],
			"scale":  [ 0.38, 0.38, 0.38 ]
		},
		"firstperson_righthand": {
			"translation":  [ -1.35, 1.8478, 0 ],
			"scale":  [ 0.55, 0.55, 0.55 ]
		},
		"firstperson_lefthand": {
			"translation":  [ -1.35, 1.8478, 0 ],
			"scale":  [ 0.55, 0.55, 0.55 ]
		},
		"gui": {
			"rotation":  [ 0, 90, 0 ],
			"translation":  [ 0.7255, 0, 0 ],
			"scale":  [ 0.0001, 4, 4 ]
		},
		"head": {
			"translation":  [ 0, -30.4, 0 ],
			"scale":  [ 1.601, 1.601, 1.601 ]
		},
		"ground": {
			"rotation":  [ 52, -91, -13 ],
			"translation":  [ 0, 0.1277, 0 ],
			"scale":  [ 0.27, 0.27, 0.27 ]
		},
		"fixed": {
			"rotation":  [ 90, 90, -90 ]
		}
	}
}