{
	"parent": "item/generated",
	"textures": {
		"layer0": "item/enchanted_book"
	},
	
	"overrides": [
		{"predicate": {"custom_model_data":111111}, "model": "item/ring"},
		{"predicate": {"custom_model_data":111112}, "model": "item/ring"},
		{"predicate": {"custom_model_data":111113}, "model": "item/ring"},
		{"predicate": {"custom_model_data":111114}, "model": "item/ring"},
		{"predicate": {"custom_model_data":111115}, "model": "item/ring"},
		{"predicate": {"custom_model_data":111116}, "model": "item/ring"},
		{"predicate": {"custom_model_data":111117}, "model": "item/ring"},
		{"predicate": {"custom_model_data":111118}, "model": "item/ring"},
		{"predicate": {"custom_model_data":111119}, "model": "item/ring"},
		{"predicate": {"custom_model_data":111121}, "model": "item/ring"},
		{"predicate": {"custom_model_data":111122}, "model": "item/ring"}
	]
}