{
	"parent": "item/generated",
	"textures": {
		"layer0": "item/iron_nugget"
	},
	
	"overrides": [
		{"predicate": {"custom_model_data":8800001}, "model": "item/one"},
		{"predicate": {"custom_model_data":8800002}, "model": "item/five"},
		{"predicate": {"custom_model_data":8800003}, "model": "item/ten"},
		{"predicate": {"custom_model_data":8800004}, "model": "item/twenty"},
		{"predicate": {"custom_model_data":8800005}, "model": "item/fifty"},
		{"predicate": {"custom_model_data":8800006}, "model": "item/hundred"},
		{"predicate": {"custom_model_data":8800007}, "model": "item/twohundred"},
		{"predicate": {"custom_model_data":11111121}, "model": "item/haste_spell"},
		{"predicate": {"custom_model_data":11111122}, "model": "item/jump_spell"},
		{"predicate": {"custom_model_data":11111123}, "model": "item/resist_spell"},
		{"predicate": {"custom_model_data":11111124}, "model": "item/strength_spell"},
		{"predicate": {"custom_model_data":11111125}, "model": "item/health_spell"},
		{"predicate": {"custom_model_data":11111126}, "model": "item/speed_spell"},
		{"predicate": {"custom_model_data":11111127}, "model": "item/night_spell"},
		{"predicate": {"custom_model_data":11111128}, "model": "item/luck_spell"}
	]
}