{
	"credit": "Made with Blockbench",
	"textures": {
		"0": "block/ratHead",
		"1": "block/ratBod"
	},
	"elements": [
		{
			"from": [4, 0, 5],
			"to": [11, 4, 11],
			"rotation": {"angle": 0, "axis": "y", "origin": [-2, 0, 0]},
			"faces": {
				"north": {"uv": [7, 4, 14, 0], "texture": "#1"},
				"east": {"uv": [7, 8, 13, 12], "texture": "#1"},
				"south": {"uv": [7, 4, 14, 8], "texture": "#1"},
				"west": {"uv": [0, 12, 6, 16], "texture": "#1"},
				"up": {"uv": [0, 6, 7, 0], "texture": "#1"},
				"down": {"uv": [7, 6, 0, 12], "texture": "#1"}
			}
		},
		{
			"from": [1, 0, 6],
			"to": [4, 3, 10],
			"rotation": {"angle": 0, "axis": "y", "origin": [-2, 0, 0]},
			"faces": {
				"north": {"uv": [0, 6, 3, 9], "texture": "#0"},
				"east": {"uv": [0, 0, 4, 3], "texture": "#0"},
				"south": {"uv": [7, 0, 10, 3], "texture": "#0"},
				"west": {"uv": [0, 3, 4, 6], "texture": "#0"},
				"up": {"uv": [7, 4, 4, 0], "texture": "#0"},
				"down": {"uv": [7, 4, 4, 8], "texture": "#0"}
			}
		},
		{
			"from": [11, 6.5, 7.5],
			"to": [14, 7.5, 8.5],
			"rotation": {"angle": -22.5, "axis": "z", "origin": [-2, 5, 0]},
			"faces": {
				"north": {"uv": [12, 0, 15, 2], "texture": "#0"},
				"east": {"uv": [15, 0, 12, 2], "texture": "#0"},
				"south": {"uv": [15, 0, 12, 2], "texture": "#0"},
				"west": {"uv": [15, 0, 12, 2], "texture": "#0"},
				"up": {"uv": [15, 0, 12, 2], "texture": "#0"},
				"down": {"uv": [15, 0, 12, 2], "texture": "#0"}
			}
		},
		{
			"from": [13.3, 0.2, 7.5],
			"to": [16.3, 1.2, 8.5],
			"rotation": {"angle": 0, "axis": "y", "origin": [-2, 4, 0]},
			"faces": {
				"north": {"uv": [12, 0, 15, 2], "texture": "#0"},
				"east": {"uv": [12, 0, 14, 2], "texture": "#0"},
				"south": {"uv": [15, 0, 12, 2], "texture": "#0"},
				"west": {"uv": [12, 0, 15, 2], "texture": "#0"},
				"up": {"uv": [15, 2, 12, 0], "texture": "#0"},
				"down": {"uv": [15, 0, 12, 2], "texture": "#0"}
			}
		},
		{
			"from": [3, 2, 10],
			"to": [3, 4, 12],
			"rotation": {"angle": 0, "axis": "y", "origin": [-5, 0, 0]},
			"faces": {
				"north": {"uv": [10, 0, 12, 2], "texture": "#0"},
				"east": {"uv": [12, 0, 10, 2], "texture": "#0"},
				"south": {"uv": [10, 0, 12, 2], "texture": "#0"},
				"west": {"uv": [10, 0, 12, 2], "texture": "#0"},
				"up": {"uv": [10, 0, 12, 2], "texture": "#0"},
				"down": {"uv": [10, 0, 12, 2], "texture": "#0"}
			}
		},
		{
			"from": [3, 2, 4],
			"to": [3, 4, 6],
			"rotation": {"angle": 0, "axis": "y", "origin": [-5, 0, 0]},
			"faces": {
				"north": {"uv": [12, 0, 10, 2], "texture": "#0"},
				"east": {"uv": [10, 0, 12, 2], "texture": "#0"},
				"south": {"uv": [12, 0, 10, 2], "texture": "#0"},
				"west": {"uv": [12, 0, 10, 2], "texture": "#0"},
				"up": {"uv": [12, 0, 10, 2], "texture": "#0"},
				"down": {"uv": [12, 0, 10, 2], "texture": "#0"}
			}
		}
	],
	"display": {
		"head": {
			"rotation": [0, -90, 0],
			"translation": [0, -40, 6],
			"scale": [2, 2, 2]
		}
	}
}