{
	"parent": "item/generated",
	"textures": {
		"layer0": "item/iron_nugget"
	},
	
	"overrides": [
		{"predicate": {"custom_model_data":8800001}, "model": "item/one"},
		{"predicate": {"custom_model_data":8800002}, "model": "item/five"},
		{"predicate": {"custom_model_data":8800003}, "model": "item/ten"},
		{"predicate": {"custom_model_data":8800004}, "model": "item/twenty"},
		{"predicate": {"custom_model_data":8800005}, "model": "item/fifty"},
		{"predicate": {"custom_model_data":8800006}, "model": "item/hundred"},
		{"predicate": {"custom_model_data":8800007}, "model": "item/twohundred"}
	]
}